{
  "CAP-RiskManagement/.git/hooks/commit-msg.sample": 1737535232287,
  "test/integration/pages/RisksList.js": 1737373886367,
  "test/integration/pages/RisksObjectPage.js": 1737373886367,
  "test/integration/opaTests.qunit.js": 1737373886359,
  "test/integration/FirstJourney.js": 1737373886383,
  "test/testsuite.qunit.js": 1737373886351,
  "xs-app.json": 1737553259836,
  "manifest.json": 1737541500049,
  "Component.js": 1737373886295,
  "test/integration/FirstJourney-dbg.js": 1737373886383,
  "test/integration/FirstJourney.js.map": 1737587448076,
  "test/integration/pages/RisksObjectPage-dbg.js": 1737373886367,
  "test/integration/pages/RisksObjectPage.js.map": 1737587448074,
  "test/integration/opaTests.qunit-dbg.js": 1737373886359,
  "test/integration/opaTests.qunit.js.map": 1737587448074,
  "test/integration/pages/RisksList-dbg.js": 1737373886367,
  "test/integration/pages/RisksList.js.map": 1737587448074,
  "test/testsuite.qunit-dbg.js": 1737373886351,
  "test/testsuite.qunit.js.map": 1737587448077,
  "Component-dbg.js": 1737373886295,
  "Component.js.map": 1737587448075,
  "Component-preload.js": 1737587448268,
  "Component-preload.js.map": 1737587448268,
  "CAP-RiskManagement/.git/logs/refs/remotes/origin/HEAD": 1737535232503,
  "CAP-RiskManagement/.git/refs/remotes/origin/HEAD": 1737535232503,
  "CAP-RiskManagement/.git/logs/refs/heads/main": 1737535232503,
  "CAP-RiskManagement/.git/refs/heads/main": 1737535232503,
  "CAP-RiskManagement/.git/objects/pack/pack-da3e77adeeec59a9cebd5a1cba50df23e07aca6e.pack": 1737535232467,
  "CAP-RiskManagement/.git/objects/pack/pack-da3e77adeeec59a9cebd5a1cba50df23e07aca6e.idx": 1737535232467,
  "CAP-RiskManagement/.git/logs/HEAD": 1737535232503,
  "CAP-RiskManagement/.git/hooks/update.sample": 1737535232287,
  "CAP-RiskManagement/.git/hooks/push-to-checkout.sample": 1737535232287,
  "CAP-RiskManagement/.git/hooks/prepare-commit-msg.sample": 1737535232283,
  "CAP-RiskManagement/.git/hooks/pre-receive.sample": 1737535232287,
  "CAP-RiskManagement/.git/hooks/pre-rebase.sample": 1737535232287,
  "CAP-RiskManagement/.git/hooks/pre-push.sample": 1737535232283,
  "CAP-RiskManagement/.git/hooks/pre-merge-commit.sample": 1737535232283,
  "CAP-RiskManagement/.git/hooks/pre-commit.sample": 1737535232291,
  "CAP-RiskManagement/.git/hooks/pre-applypatch.sample": 1737535232291,
  "CAP-RiskManagement/.git/hooks/post-update.sample": 1737535232287,
  "CAP-RiskManagement/.git/hooks/fsmonitor-watchman.sample": 1737535232283,
  "i18n/i18n.properties": 1737373910067,
  "CAP-RiskManagement/.git/hooks/applypatch-msg.sample": 1737535232283,
  "CAP-RiskManagement/.git/info/exclude": 1737535232291,
  "test/integration/opaTests.qunit.html": 1737373886359,
  "CAP-RiskManagement/.git/packed-refs": 1737535232503,
  "CAP-RiskManagement/.git/index": 1737540172353,
  "CAP-RiskManagement/.git/description": 1737535232283,
  "CAP-RiskManagement/.git/config": 1737535232503,
  "CAP-RiskManagement/.git/HEAD": 1737535232503,
  "test/testsuite.qunit.html": 1737373886339,
  "test/flpSandbox.html": 1737373886339,
  "CAP-RiskManagement/README.md": 1737535232515,
  "index.html": 1737373886295
}